{"training/episode/reward": 0.685, "training/episode/length": 35, "_timestamp": 1677737756.967974, "_runtime": 218.41275787353516, "_step": 1663, "loss/total_fun_loss": 0.9530670642852783, "loss/worker": 0.04766713082790375, "loss/manager": -0.0021298483479768038, "loss/value_worker": 0.4986817538738251, "loss/value_manager": 0.4999414086341858, "worker/entropy": 1.8834118843078613, "worker/advantage": -0.021606028079986572, "worker/intrinsic_reward": -0.003761687083169818, "manager/cosines": -0.00677215401083231, "manager/advantage": 0.04117146506905556, "test/episode/reward": 0, "test/episode/length": 100, "test/mean/reward": 0.019445544554455445, "test/mean/length": 98.05940594059406}