{"training/episode/reward": 0, "training/episode/length": 100, "_timestamp": 1677579748.5610611, "_runtime": 1233.3552961349487, "_step": 4556, "loss/total_fun_loss": 0.9736968874931335, "loss/worker": 0.021849757060408592, "loss/manager": 0.003300725482404232, "loss/value_worker": 0.497868150472641, "loss/value_manager": 0.5009969472885132, "worker/entropy": 1.7710890769958496, "worker/advantage": -0.012695424258708954, "worker/intrinsic_reward": -0.01382046565413475, "manager/cosines": -0.013167107477784157, "manager/advantage": 0.03479896858334541, "test/episode/reward": 0.991, "test/episode/length": 84, "test/mean/reward": 0.991, "test/mean/length": 79.33333333333333}